----Inserting for active reservations -- Run this block of code for testing active reservations
--Insert into HVK_RESERVATION (RESERVATION_NUMBER,RESERVATION_START_DATE,RESERVATION_END_DATE) values (1000,to_date('25-Mar-17','DD-MON-RR'),to_date('20-Apr-17','DD-MON-RR'));
--Insert into HVK_RESERVATION (RESERVATION_NUMBER,RESERVATION_START_DATE,RESERVATION_END_DATE) values (1001,to_date('26-Mar-17','DD-MON-RR'),to_date('20-Apr-17','DD-MON-RR'));
--Insert into HVK_PET_RESERVATION (PET_RES_NUMBER,PET_PET_NUMBER,RES_RESERVATION_NUMBER,RUN_RUN_NUMBER,PR_SHARING_WITH) values (1000,1,1000,22,null);
--Insert into HVK_PET_RESERVATION (PET_RES_NUMBER,PET_PET_NUMBER,RES_RESERVATION_NUMBER,RUN_RUN_NUMBER,PR_SHARING_WITH) values (1001,2,1000,22,null);
--Insert into HVK_PET_RESERVATION (PET_RES_NUMBER,PET_PET_NUMBER,RES_RESERVATION_NUMBER,RUN_RUN_NUMBER,PR_SHARING_WITH) values (1002,13,1001,null,null);
--Insert into HVK_PET_RESERVATION_SERVICE (SERVICE_FREQUENCY,PR_PET_RES_NUMBER,SERV_SERVICE_NUMBER) values (null,1000,1);
--Insert into HVK_PET_RESERVATION_SERVICE (SERVICE_FREQUENCY,PR_PET_RES_NUMBER,SERV_SERVICE_NUMBER) values (null,1001,1);
--Insert into HVK_PET_RESERVATION_SERVICE (SERVICE_FREQUENCY,PR_PET_RES_NUMBER,SERV_SERVICE_NUMBER) values (null,1002,1);

--Run this block of code when running the test vaccinations method
--UPDATE HVK_PET_VACCINATION PV SET PV.VACCINATION_CHECKED_STATUS = 'Y' WHERE PV.PET_PET_NUMBER = 7;

--Run this block of code when running the addToReservation(resNum, petNum)
--Insert into HVK_RESERVATION (RESERVATION_NUMBER,RESERVATION_START_DATE,RESERVATION_END_DATE) values (1002,to_date('25-Mar-17','DD-MON-RR'),to_date('20-Apr-17','DD-MON-RR'));
--Insert into HVK_PET_RESERVATION (PET_RES_NUMBER,PET_PET_NUMBER,RES_RESERVATION_NUMBER,RUN_RUN_NUMBER,PR_SHARING_WITH) values (1003,10,1002,null,null);
--Insert into HVK_PET_RESERVATION_SERVICE (SERVICE_FREQUENCY,PR_PET_RES_NUMBER,SERV_SERVICE_NUMBER) values (null,1003,1);

Insert into HVK_PET_RESERVATION (PET_RES_NUMBER,PET_PET_NUMBER,RES_RESERVATION_NUMBER,RUN_RUN_NUMBER,PR_SHARING_WITH) values (HVK_RESERVATATION_SEQ.NEXTVAL,10,1002,null,null);
Insert into HVK_PET_RESERVATION_SERVICE (SERVICE_FREQUENCY,PR_PET_RES_NUMBER,SERV_SERVICE_NUMBER) values (null,1003,1);
--UPDATE HVK_PET_VACCINATION PV SET PV.VACCINATION_CHECKED_STATUS = 'N' WHERE PV.PET_PET_NUMBER = 11;